ARTICLE_TITLE,N
untitled,110
introduction,59
"professionalism, golf coaching and a master of science degree: a commentary",47
methodology,25
untitled abstracts,24
patentpicks,17
silica-based nanoporous materials,15
foreword,14
eu update,12
journal of transport & health,12
literature review,12
background,12
freelance,11
from the scenes,11
spectroscopic binary orbits from photoelectric radial velocities,11
economics,11
preliminaries,10
transparent reporting of a multivariable prediction model for individual prognosis or diagnosis (tripod): the tripod statement,10
applications,10
rejoinder,9
eyes on new product development,9
european national news,9
asia-pacific news,9
dancer of the month,8
among the new words,8
acute pancreatitis,8
index around the world,8
german society for rheumatology s3 guidelines on axial spondyloarthritis including bechterew's disease and early forms,8
sophia,8
"discussion on ""sequential estimation for time series models"" by t. n. sriram and ross iaci",8
then and now,8
meeting of the royal astronomical society,8
community-acquired pneumonia,8
case studies,7
contemporary practice of the united states relating to international law,7
abstracts,7
results,7
theory,7
general,7
changing nomenclature for pbc: from 'cirrhosis' to 'cholangitis',7
global view,7
the case,7
preferred reporting items for studies mapping onto preference-based outcome measures: the maps statement,6
advanced materials interfaces,6
federal archival agency update,6
australia,6
"reports of conferences, institutes, and seminars",6
latin literature,6
monographs of the society for research in child development,6
american board of dermatology examination dates,6
art and archaeology,6
around the galleries,6
the single-case reporting guideline in behavioural interventions (scribe) 2016 statement,6
roman history,6
nme digest,6
erectile dysfunction,6
infective endocarditis,6
in this issue,6
greek literature,6
setting the stage,6
dance education,6
greek history,6
appendix,6
sri lanka,5
research design,5
general considerations,5
dissertations into practice,5
in brief,5
"best practice guidelines on publishing ethics: a publisher's perspective, 2nd edition",5
colorectal cancer screening,5
survey of recent developments,5
synthesis,5
research methodology,5
editorial board,5
at the galleries,5
philological and historical commentary on ammianus marcellinus xxx introduction,5
china,5
news from the international meat research microbiology of meat and meat products,5
reflections,5
"discussion on ""sequential detection/isolation of abrupt changes"" by igor v. nikiforov",5
vulvodynia,5
ask the experts,5
igg4-related disease,5
origins,5
international perspectives and initiatives,5
gene therapy briefs,5
cancer,5
london reporter,5
non-parametric estimation of route travel time distributions from low-frequency floating car data,5
philological and historical commentary on ammianus marcellinus xxx,5
diagnostic and therapeutic challenges,5
alzheimer's disease,5
acute aortic syndrome,5
the moons of cinema,5
peripartum cardiomyopathy,5
methods,5
chronic thromboembolic pulmonary hypertension,5
consensus communication on early peanut introduction and the prevention of peanut allergy in high-risk infants,5
"46th annual digestive disease week (ddw2015) washington, dc, usa may 16-19, 2015 abstracts",5
"guidelines for preparation of articles for the academic periodical ""marine intellecyual technologies""",5
